{"cameraMode":{"drawMode":0,"name":"Shaded","section":"Shading Mode"},"sceneLighting":false,"audioPlay":false,"sceneViewState":{"m_AlwaysRefresh":false,"showFog":false,"showSkybox":false,"showFlares":false,"showImageEffects":false,"showParticleSystems":false,"showVisualEffectGraphs":true,"m_FxEnabled":true},"in2DMode":false,"pivot":{"x":-0.019090890884399415,"y":0.7314572334289551,"z":0.02597290277481079},"rotation":{"x":0.31696099042892458,"y":0.0036348067224025728,"z":-0.0013386467471718789,"w":0.9485096335411072},"size":0.9797152876853943,"orthographic":false}