{"cameraMode":{"drawMode":0,"name":"Shaded","section":"Shading Mode"},"sceneLighting":true,"audioPlay":false,"sceneViewState":{"m_AlwaysRefresh":false,"showFog":true,"showSkybox":true,"showFlares":true,"showImageEffects":true,"showParticleSystems":true,"showVisualEffectGraphs":true,"m_FxEnabled":true},"in2DMode":false,"pivot":{"x":-2.307488203048706,"y":11.35611343383789,"z":-50.14170837402344},"rotation":{"x":-0.09472846239805222,"y":-0.04826558753848076,"z":0.0026251317467540504,"w":-0.9952501654624939},"size":10.302765846252442,"orthographic":false}