{"cameraMode":{"drawMode":0,"name":"Shaded","section":"Shading Mode"},"sceneLighting":true,"audioPlay":false,"sceneViewState":{"m_AlwaysRefresh":false,"showFog":true,"showSkybox":true,"showFlares":true,"showImageEffects":true,"showParticleSystems":true,"showVisualEffectGraphs":true,"m_FxEnabled":true},"in2DMode":false,"pivot":{"x":-3.5475430488586427,"y":13.651631355285645,"z":-61.35431671142578},"rotation":{"x":-0.00765384454280138,"y":-0.017496515065431596,"z":0.0086347172036767,"w":-1.0011296272277833},"size":4.034546375274658,"orthographic":false}