{"cameraMode":{"drawMode":0,"name":"Shaded","section":"Shading Mode"},"sceneLighting":true,"audioPlay":false,"sceneViewState":{"m_AlwaysRefresh":false,"showFog":true,"showSkybox":true,"showFlares":true,"showImageEffects":true,"showParticleSystems":true,"showVisualEffectGraphs":true,"m_FxEnabled":true},"in2DMode":false,"pivot":{"x":-45.019752502441409,"y":15.405397415161133,"z":37.311195373535159},"rotation":{"x":-0.00043774201185442507,"y":0.9953115582466126,"z":0.004258160013705492,"w":-0.0996183454990387},"size":1.9090522527694703,"orthographic":false}