{"cameraMode":{"drawMode":0,"name":"Shaded","section":"Shading Mode"},"sceneLighting":true,"audioPlay":false,"sceneViewState":{"m_AlwaysRefresh":false,"showFog":true,"showSkybox":true,"showFlares":true,"showImageEffects":true,"showParticleSystems":true,"showVisualEffectGraphs":true,"m_FxEnabled":true},"in2DMode":false,"pivot":{"x":-4.28232479095459,"y":10.382499694824219,"z":-45.97512435913086},"rotation":{"x":0.08847871422767639,"y":-0.015411756001412869,"z":-0.001747978967614472,"w":0.9965567588806152},"size":10.179961204528809,"orthographic":false}