{"cameraMode":{"drawMode":0,"name":"Shaded","section":"Shading Mode"},"sceneLighting":true,"audioPlay":false,"sceneViewState":{"m_AlwaysRefresh":false,"showFog":true,"showSkybox":true,"showFlares":true,"showImageEffects":true,"showParticleSystems":true,"showVisualEffectGraphs":true,"m_FxEnabled":true},"in2DMode":false,"pivot":{"x":-18.308040618896486,"y":-1.2363665103912354,"z":-9.033821105957032},"rotation":{"x":-0.10471496731042862,"y":0.5048409700393677,"z":-0.050129182636737826,"w":-0.8568455576896668},"size":10.255636215209961,"orthographic":false}