{"cameraMode":{"drawMode":0,"name":"Shaded","section":"Shading Mode"},"sceneLighting":true,"audioPlay":false,"sceneViewState":{"m_AlwaysRefresh":false,"showFog":true,"showSkybox":true,"showFlares":true,"showImageEffects":true,"showParticleSystems":true,"showVisualEffectGraphs":true,"m_FxEnabled":true},"in2DMode":false,"pivot":{"x":-48.42022705078125,"y":7.6615495681762699,"z":-34.23775863647461},"rotation":{"x":-0.001971663674339652,"y":0.9967900514602661,"z":-0.014890952035784722,"w":-0.08158271759748459},"size":13.823105812072754,"orthographic":false}