{"cameraMode":{"drawMode":0,"name":"Shaded","section":"Shading Mode"},"sceneLighting":true,"audioPlay":false,"sceneViewState":{"m_AlwaysRefresh":false,"showFog":true,"showSkybox":true,"showFlares":true,"showImageEffects":true,"showParticleSystems":true,"showVisualEffectGraphs":true,"m_FxEnabled":true},"in2DMode":false,"pivot":{"x":-0.29613929986953738,"y":3.4380083084106447,"z":-6.7104058265686039},"rotation":{"x":-0.01523895375430584,"y":-0.7463743090629578,"z":-0.018577881157398225,"w":0.6656825542449951},"size":2.870274543762207,"orthographic":false}