{"cameraMode":{"drawMode":0,"name":"Shaded","section":"Shading Mode"},"sceneLighting":true,"audioPlay":false,"sceneViewState":{"m_AlwaysRefresh":false,"showFog":true,"showSkybox":true,"showFlares":true,"showImageEffects":true,"showParticleSystems":true,"showVisualEffectGraphs":true,"m_FxEnabled":true},"in2DMode":false,"pivot":{"x":33.95207977294922,"y":9.444574356079102,"z":-8.70645809173584},"rotation":{"x":0.015957066789269449,"y":-0.8020620346069336,"z":0.019917534664273263,"w":0.5973103642463684},"size":0.8482227325439453,"orthographic":false}