{"cameraMode":{"drawMode":0,"name":"Shaded","section":"Shading Mode"},"sceneLighting":false,"audioPlay":false,"sceneViewState":{"m_AlwaysRefresh":false,"showFog":false,"showSkybox":false,"showFlares":false,"showImageEffects":false,"showParticleSystems":false,"showVisualEffectGraphs":true,"m_FxEnabled":true},"in2DMode":false,"pivot":{"x":0.05038785934448242,"y":1.566056489944458,"z":0.014653444290161133},"rotation":{"x":-0.005514545366168022,"y":0.868123471736908,"z":0.00963529571890831,"w":0.49624404311180117},"size":1.0229172706604005,"orthographic":true}